{
  "alpha": 3e-05,
  "architecture": "hashed_word_char_linear_multitask_v1",
  "capabilities": [
    "vision",
    "coding",
    "reasoning",
    "web_search",
    "tool_use",
    "long_context",
    "multilingual",
    "creative",
    "safety"
  ],
  "char_ngrams": [
    3,
    5
  ],
  "confidence_threshold": 0.0,
  "dataset": "router_train_v4_mmr.jsonl",
  "levels": [
    1,
    2,
    3,
    4,
    5
  ],
  "max_chars": 4096,
  "max_iter": 30,
  "metrics": {
    "accuracy": 0.48391167192429024,
    "adjacent_accuracy": 0.9192429022082019,
    "avg_always_level_5_cost_usd": 0.0045,
    "avg_oracle_cost_usd": 0.00047509148264984226,
    "avg_routed_cost_usd": 0.0004961009463722397,
    "confusion": {
      "1->1": 40,
      "1->2": 77,
      "1->3": 57,
      "1->4": 1,
      "2->1": 30,
      "2->2": 322,
      "2->3": 266,
      "2->4": 16,
      "2->5": 5,
      "3->1": 16,
      "3->2": 123,
      "3->3": 275,
      "3->4": 64,
      "3->5": 5,
      "4->1": 4,
      "4->2": 21,
      "4->3": 94,
      "4->4": 89,
      "4->5": 17,
      "5->2": 1,
      "5->3": 2,
      "5->4": 19,
      "5->5": 41
    },
    "cost_ratio_vs_oracle": 1.044221933016387,
    "count": 1585.0,
    "level_macro_f1": 0.4738922199196778,
    "mean_abs_error": 0.6037854889589905,
    "overroute_rate": 0.3205047318611987,
    "risk_accuracy": 0.7356466876971609,
    "savings_vs_always_level_5": 0.8897553452506134,
    "severe_underroute_rate": 0.0277602523659306,
    "task_accuracy": 0.5949526813880126,
    "task_macro_f1": 0.592378741425885,
    "underroute_rate": 0.19558359621451105
  },
  "n_features": 262144,
  "risks": [
    "low",
    "medium",
    "high"
  ],
  "safety_bump": 0,
  "seed": 42,
  "tasks": [
    "general",
    "frontend",
    "backend",
    "coding",
    "reasoning",
    "research",
    "writing",
    "data",
    "safety",
    "vision",
    "agentic"
  ],
  "train_examples": 48399,
  "training_seconds": 199.45476965399575,
  "validation_examples": 1585,
  "validation_kind": "held_out_teacher_gold",
  "word_ngrams": [
    1,
    2
  ]
}
