{
  "recommended": "accuracy",
  "profiles": {
    "economy": {
      "model_dir": "models/semantic-router-tiny-v1",
      "exact_accuracy": 0.49022082018927443,
      "adjacent_accuracy": 0.9261829652996846,
      "severe_underroute_rate": 0.016403785488958992,
      "cost_ratio_vs_oracle": 1.029,
      "savings_vs_always_level_5": 0.8914,
      "local_p95_ms": 2.8341918,
      "hetzner_p95_ms": 1.6035952
    },
    "accuracy": {
      "model_dir": "models/semantic-router-v1",
      "exact_accuracy": 0.5123028391167193,
      "adjacent_accuracy": 0.9337539432176656,
      "severe_underroute_rate": 0.013249211356466877,
      "cost_ratio_vs_oracle": 1.117261161722132,
      "savings_vs_always_level_5": 0.8820441640378549,
      "local_p95_ms": 4.75590365,
      "hetzner_p95_ms": 3.6181315
    }
  },
  "rejected": {
    "minilm_6_layer_128": {
      "reason": "latency target missed",
      "local_p95_ms": 12.5151009
    }
  }
}
